<?xml version="1.0" encoding="UTF-8"?>
<project-private xmlns="http://www.netbeans.org/ns/project-private/1">
    <editor-bookmarks xmlns="http://www.netbeans.org/ns/editor-bookmarks/2" lastBookmarkId="0"/>
    <open-files xmlns="http://www.netbeans.org/ns/projectui-open-files/2">
        <group>
            <file>file:/C:/Users/Kowalczyk/Desktop/Projekty/Java/Clinic/src/clinic/RosterWindow.java</file>
            <file>file:/C:/Users/Kowalczyk/Desktop/Projekty/Java/Clinic/src/clinic/Clinic.java</file>
            <file>file:/C:/Users/Kowalczyk/Desktop/Projekty/Java/Clinic/src/clinic/RosterEntry.java</file>
            <file>file:/C:/Users/Kowalczyk/Desktop/Projekty/Java/Clinic/src/clinic/OptionWindow.java</file>
            <file>file:/C:/Users/Kowalczyk/Desktop/Projekty/Java/Clinic/src/clinic/EditWindow.java</file>
            <file>file:/C:/Users/Kowalczyk/Desktop/Projekty/Java/Clinic/src/clinic/Roster.java</file>
            <file>file:/C:/Users/Kowalczyk/Desktop/Projekty/Java/Clinic/src/clinic/Doctor.java</file>
        </group>
    </open-files>
</project-private>
